                  epoch,         train/box_loss,         train/cls_loss,         train/dfl_loss,   metrics/precision(B),      metrics/recall(B),       metrics/mAP50(B),    metrics/mAP50-95(B),           val/box_loss,           val/cls_loss,           val/dfl_loss,                 lr/pg0,                 lr/pg1,                 lr/pg2
                      1,                 1.4086,                 1.4651,                0.96384,                0.40408,                0.29986,                0.29381,                0.17195,                 1.3064,                 1.0608,                0.91267,              0.0033251,              0.0033251,              0.0033251
                      2,                 1.3991,                 1.1005,                0.93218,                0.43833,                0.32342,                0.31563,                0.18371,                 1.3438,                 1.0532,                0.91182,              0.0066365,              0.0066365,              0.0066365
                      3,                  1.457,                 1.1298,                 0.9426,                0.41668,                0.31811,                0.30551,                0.17553,                 1.3739,                 1.1008,                0.91983,              0.0099258,              0.0099258,              0.0099258
                      4,                 1.4649,                 1.1162,                0.94882,                0.40033,                0.31443,                0.30358,                0.17435,                 1.3764,                 1.0839,                0.92673,               0.009901,               0.009901,               0.009901
                      5,                 1.4332,                  1.087,                0.94186,                0.44152,                0.31812,                0.32528,                0.18889,                 1.3372,                 1.0243,                 0.9164,               0.009868,               0.009868,               0.009868
                      6,                 1.4033,                 1.0418,                0.93266,                0.42779,                0.32722,                0.32858,                0.19248,                  1.339,                 1.0163,                0.92017,               0.009835,               0.009835,               0.009835
                      7,                 1.3697,                 1.0146,                0.92996,                0.46137,                0.34296,                0.34559,                0.20227,                 1.2993,                0.99518,                0.91253,               0.009802,               0.009802,               0.009802
                      8,                 1.3549,                0.99718,                0.92171,                0.45728,                0.35936,                0.35791,                0.21191,                 1.2754,                0.97049,                0.90619,               0.009769,               0.009769,               0.009769
                      9,                 1.3364,                0.97675,                0.92029,                0.45936,                0.36113,                0.36179,                0.21497,                  1.276,                 0.9621,                 0.9057,               0.009736,               0.009736,               0.009736
                     10,                 1.3273,                0.95852,                0.91884,                0.49381,                0.35113,                0.36448,                0.21764,                 1.2617,                0.96472,                0.90576,               0.009703,               0.009703,               0.009703
                     11,                 1.3032,                0.94388,                 0.9136,                0.49909,                0.35613,                0.37186,                0.22303,                 1.2529,                0.93589,                0.90452,                0.00967,                0.00967,                0.00967
                     12,                 1.2968,                 0.9308,                0.91223,                0.49256,                0.37387,                0.38088,                 0.2285,                 1.2551,                0.91927,                0.90165,               0.009637,               0.009637,               0.009637
                     13,                 1.2924,                0.91962,                 0.9097,                0.47806,                0.37093,                0.37913,                0.22738,                 1.2363,                 0.9157,                0.89836,               0.009604,               0.009604,               0.009604
                     14,                 1.2721,                0.90004,                0.90551,                0.50881,                0.38301,                0.39446,                0.23666,                 1.2289,                0.89911,                0.89652,               0.009571,               0.009571,               0.009571
                     15,                 1.2717,                0.89746,                0.90565,                 0.4925,                0.38624,                0.39277,                0.23648,                 1.2192,                0.89371,                0.89482,               0.009538,               0.009538,               0.009538
                     16,                 1.2674,                0.89097,                0.90371,                0.50127,                0.39402,                0.40082,                0.24187,                 1.2143,                0.89318,                0.89285,               0.009505,               0.009505,               0.009505
                     17,                 1.2518,                0.87663,                0.90306,                0.50328,                0.38752,                0.39588,                0.23713,                 1.2302,                0.89536,                0.89713,               0.009472,               0.009472,               0.009472
                     18,                 1.2576,                0.87195,                0.90076,                0.51813,                0.38864,                0.40559,                0.24477,                 1.2077,                0.87887,                0.89247,               0.009439,               0.009439,               0.009439
                     19,                 1.2447,                0.86321,                0.89897,                0.50453,                0.40244,                0.41148,                0.25044,                 1.2095,                0.87131,                0.89322,               0.009406,               0.009406,               0.009406
                     20,                 1.2406,                0.85652,                0.90091,                0.51865,                0.39477,                 0.4061,                0.24594,                 1.2023,                0.87078,                0.88987,               0.009373,               0.009373,               0.009373
                     21,                 1.2311,                 0.8506,                0.89723,                0.52312,                0.39547,                0.41047,                0.24892,                 1.2011,                0.86907,                0.88961,                0.00934,                0.00934,                0.00934
                     22,                 1.2272,                0.84178,                0.89507,                0.51195,                0.39502,                0.40595,                0.24473,                  1.212,                0.87532,                0.88975,               0.009307,               0.009307,               0.009307
                     23,                 1.2212,                0.83451,                0.89451,                0.52945,                 0.4092,                0.42494,                0.25728,                 1.1858,                0.85214,                0.88598,               0.009274,               0.009274,               0.009274
                     24,                 1.2171,                0.83069,                 0.8931,                0.51972,                0.40399,                0.41626,                0.25124,                 1.1913,                0.85864,                0.88905,               0.009241,               0.009241,               0.009241
                     25,                 1.2053,                0.82111,                0.89248,                 0.5183,                 0.4088,                0.42217,                0.25491,                 1.1885,                0.85389,                0.88466,               0.009208,               0.009208,               0.009208
                     26,                  1.212,                0.82404,                0.89328,                0.54214,                0.39539,                0.42046,                0.25526,                 1.1841,                0.85793,                0.88452,               0.009175,               0.009175,               0.009175
                     27,                 1.2032,                0.81713,                0.89172,                 0.5415,                0.40399,                0.42868,                0.26247,                 1.1732,                0.84567,                0.88399,               0.009142,               0.009142,               0.009142
                     28,                  1.202,                0.81224,                0.89052,                0.53323,                0.41228,                0.42712,                0.25854,                 1.1779,                0.84263,                0.88388,               0.009109,               0.009109,               0.009109
                     29,                 1.2025,                0.80564,                0.88962,                0.53949,                0.40607,                0.42189,                0.25623,                 1.1795,                0.84811,                0.88459,               0.009076,               0.009076,               0.009076
                     30,                 1.1969,                  0.797,                0.88886,                0.53576,                0.40625,                0.42648,                0.25984,                 1.1741,                0.84124,                0.88357,               0.009043,               0.009043,               0.009043
                     31,                 1.1964,                0.80198,                0.88896,                0.53665,                0.40668,                0.42726,                0.25966,                 1.1761,                0.83479,                0.88264,                0.00901,                0.00901,                0.00901
                     32,                  1.184,                0.78994,                0.88504,                0.52764,                0.41668,                0.43105,                0.26235,                  1.172,                0.83519,                0.88273,               0.008977,               0.008977,               0.008977
                     33,                 1.1811,                0.78613,                0.88419,                0.53192,                0.41524,                0.43264,                0.26259,                 1.1812,                0.83293,                0.88534,               0.008944,               0.008944,               0.008944
                     34,                 1.1796,                0.78453,                0.88396,                0.53965,                 0.4179,                0.43649,                0.26578,                 1.1665,                0.82567,                0.88398,               0.008911,               0.008911,               0.008911
                     35,                  1.177,                0.77867,                  0.884,                0.54718,                0.41349,                0.43679,                0.26718,                 1.1603,                0.83053,                0.88046,               0.008878,               0.008878,               0.008878
                     36,                 1.1752,                0.77642,                0.88531,                0.54161,                0.41378,                 0.4342,                0.26643,                 1.1701,                0.82548,                0.88179,               0.008845,               0.008845,               0.008845
                     37,                 1.1725,                0.77169,                0.88308,                0.53246,                0.41769,                0.43641,                0.26918,                 1.1609,                0.81864,                0.87909,               0.008812,               0.008812,               0.008812
                     38,                  1.169,                0.76785,                0.88275,                0.54004,                0.41843,                0.43471,                0.26621,                 1.1596,                0.81988,                0.87944,               0.008779,               0.008779,               0.008779
                     39,                 1.1687,                0.76777,                  0.882,                0.54905,                0.41894,                0.44007,                0.26883,                  1.158,                0.82366,                0.87941,               0.008746,               0.008746,               0.008746
                     40,                 1.1636,                0.76076,                0.88224,                0.54615,                0.42746,                0.44151,                0.26975,                 1.1554,                0.81762,                0.87867,               0.008713,               0.008713,               0.008713
                     41,                 1.1655,                0.75976,                0.88077,                 0.5587,                0.42118,                0.44269,                0.27072,                 1.1517,                0.81629,                0.87791,                0.00868,                0.00868,                0.00868
                     42,                 1.1545,                0.75208,                0.87981,                0.57205,                 0.4159,                0.44525,                 0.2738,                 1.1495,                0.81171,                0.87695,               0.008647,               0.008647,               0.008647
                     43,                 1.1516,                0.75045,                0.87821,                0.56423,                0.41661,                0.44245,                0.27324,                  1.153,                 0.8167,                0.87819,               0.008614,               0.008614,               0.008614
                     44,                 1.1477,                 0.7433,                0.87925,                0.57003,                0.41662,                 0.4416,                0.26975,                 1.1544,                0.81338,                0.87942,               0.008581,               0.008581,               0.008581
                     45,                 1.1558,                0.74808,                 0.8783,                0.57576,                0.41849,                0.44526,                0.27289,                 1.1538,                0.81378,                0.87846,               0.008548,               0.008548,               0.008548
                     46,                 1.1494,                0.74156,                0.87882,                0.56022,                0.42239,                0.44372,                0.27319,                 1.1502,                0.80916,                0.87843,               0.008515,               0.008515,               0.008515
                     47,                 1.1455,                0.74057,                0.87886,                0.57331,                0.42654,                0.44954,                0.27482,                 1.1581,                0.81037,                0.87901,               0.008482,               0.008482,               0.008482
                     48,                 1.1445,                0.73881,                 0.8781,                0.55492,                0.42876,                0.44566,                0.27267,                 1.1477,                0.80706,                 0.8791,               0.008449,               0.008449,               0.008449
                     49,                 1.1431,                0.73349,                0.87718,                0.56294,                0.42597,                0.44837,                0.27521,                 1.1442,                 0.8056,                0.87728,               0.008416,               0.008416,               0.008416
                     50,                  1.147,                0.73322,                0.87662,                0.55523,                0.43587,                0.45023,                0.27542,                 1.1459,                0.80595,                 0.8776,               0.008383,               0.008383,               0.008383
                     51,                 1.1403,                0.72587,                0.87635,                0.56744,                0.42785,                0.44803,                0.27523,                 1.1503,                0.80759,                0.87911,                0.00835,                0.00835,                0.00835
                     52,                 1.1281,                0.71857,                0.87614,                0.56084,                0.42909,                0.44997,                0.27584,                 1.1427,                0.80622,                0.87715,               0.008317,               0.008317,               0.008317
                     53,                 1.1322,                0.71936,                0.87431,                0.56895,                0.43095,                0.45209,                0.27539,                 1.1427,                0.80459,                 0.8773,               0.008284,               0.008284,               0.008284
                     54,                  1.138,                0.72439,                0.87528,                0.55798,                0.43372,                 0.4487,                 0.2755,                 1.1477,                0.80349,                0.87754,               0.008251,               0.008251,               0.008251
                     55,                 1.1324,                0.71859,                0.87432,                0.57106,                0.42882,                0.45092,                0.27697,                 1.1411,                0.80417,                0.87606,               0.008218,               0.008218,               0.008218
                     56,                 1.1292,                0.71288,                0.87396,                0.57088,                0.42313,                 0.4503,                0.27694,                 1.1434,                0.79951,                0.87685,               0.008185,               0.008185,               0.008185
                     57,                 1.1264,                0.71128,                0.87333,                0.56938,                0.42875,                0.44978,                 0.2764,                 1.1402,                0.79864,                0.87631,               0.008152,               0.008152,               0.008152
                     58,                 1.1245,                0.70571,                0.87357,                0.56211,                0.43355,                0.45256,                0.27745,                 1.1386,                0.80272,                0.87563,               0.008119,               0.008119,               0.008119
                     59,                 1.1209,                0.70691,                0.87366,                 0.5709,                0.42681,                0.45299,                0.27906,                 1.1434,                0.79921,                0.87606,               0.008086,               0.008086,               0.008086
                     60,                 1.1214,                0.70346,                 0.8729,                 0.5657,                0.43127,                 0.4508,                0.27802,                  1.135,                0.79854,                0.87493,               0.008053,               0.008053,               0.008053
                     61,                  1.118,                0.70047,                0.87125,                0.57052,                0.43646,                0.45607,                0.28117,                 1.1388,                0.79837,                0.87512,                0.00802,                0.00802,                0.00802
                     62,                 1.1146,                0.69841,                0.87098,                0.55967,                0.44198,                0.45554,                 0.2803,                 1.1383,                0.79537,                 0.8751,               0.007987,               0.007987,               0.007987
                     63,                 1.1178,                0.69888,                0.87053,                0.57372,                0.43098,                0.45481,                0.28045,                 1.1357,                 0.7963,                0.87593,               0.007954,               0.007954,               0.007954
                     64,                 1.1222,                0.69929,                0.87111,                0.56889,                0.43281,                0.45411,                0.28044,                 1.1365,                0.79138,                0.87498,               0.007921,               0.007921,               0.007921
                     65,                 1.1152,                0.69531,                0.87096,                0.57692,                0.42936,                0.45463,                0.28006,                 1.1363,                0.79309,                0.87565,               0.007888,               0.007888,               0.007888
                     66,                  1.115,                0.69088,                0.87034,                0.57005,                0.43309,                0.45776,                0.28189,                 1.1326,                0.79208,                0.87582,               0.007855,               0.007855,               0.007855
                     67,                 1.1129,                0.68882,                0.87097,                0.58004,                0.43501,                0.45877,                0.28249,                 1.1302,                0.79526,                0.87388,               0.007822,               0.007822,               0.007822
                     68,                 1.1078,                0.68339,                0.86977,                0.57218,                0.43227,                0.45469,                0.28029,                 1.1334,                0.79732,                0.87481,               0.007789,               0.007789,               0.007789
                     69,                 1.1075,                0.68255,                0.86848,                0.54933,                0.44187,                0.45478,                0.28183,                 1.1328,                0.79319,                0.87547,               0.007756,               0.007756,               0.007756
                     70,                 1.1001,                0.67773,                0.86767,                0.56707,                0.43951,                0.45724,                0.28193,                 1.1312,                0.79417,                0.87427,               0.007723,               0.007723,               0.007723
                     71,                 1.1044,                0.67786,                0.86719,                0.55903,                 0.4421,                0.45863,                0.28233,                 1.1291,                 0.7882,                0.87586,                0.00769,                0.00769,                0.00769
                     72,                 1.0948,                0.67108,                0.86776,                0.58473,                0.43145,                0.45825,                0.28198,                 1.1307,                0.78794,                0.87517,               0.007657,               0.007657,               0.007657
                     73,                 1.0983,                0.67257,                0.86702,                0.57363,                0.43336,                0.45473,                0.27995,                 1.1282,                0.79455,                0.87339,               0.007624,               0.007624,               0.007624
                     74,                 1.1024,                0.67398,                0.86678,                0.56744,                0.43539,                0.45602,                0.28045,                 1.1323,                0.79308,                0.87485,               0.007591,               0.007591,               0.007591
                     75,                 1.0929,                0.66833,                0.86476,                0.59379,                0.42047,                0.45519,                0.28107,                 1.1297,                0.79511,                0.87488,               0.007558,               0.007558,               0.007558
                     76,                 1.0945,                0.66665,                0.86534,                0.59567,                0.43031,                0.45773,                0.28342,                 1.1261,                0.79068,                0.87282,               0.007525,               0.007525,               0.007525
                     77,                 1.0914,                0.66165,                0.86554,                0.57448,                0.43687,                0.45783,                0.28356,                 1.1286,                0.79014,                0.87337,               0.007492,               0.007492,               0.007492
                     78,                 1.0901,                0.66247,                0.86599,                0.57019,                0.43709,                0.45848,                0.28294,                 1.1297,                0.79424,                0.87453,               0.007459,               0.007459,               0.007459
                     79,                 1.0896,                 0.6585,                0.86678,                0.57873,                0.43375,                0.45731,                0.28242,                 1.1285,                0.79463,                0.87343,               0.007426,               0.007426,               0.007426
                     80,                 1.0841,                0.65597,                0.86436,                0.57825,                0.42986,                0.45621,                 0.2831,                 1.1308,                0.79328,                0.87402,               0.007393,               0.007393,               0.007393
                     81,                 1.0889,                0.65863,                 0.8654,                0.58365,                0.42915,                0.45603,                0.28272,                 1.1256,                0.79417,                0.87202,                0.00736,                0.00736,                0.00736
                     82,                 1.0802,                0.65355,                0.86281,                0.57223,                0.43512,                 0.4562,                0.28253,                 1.1241,                 0.7901,                0.87183,               0.007327,               0.007327,               0.007327
                     83,                 1.0829,                0.65093,                  0.863,                0.57102,                0.43588,                0.45776,                0.28319,                 1.1251,                0.78906,                 0.8723,               0.007294,               0.007294,               0.007294
                     84,                 1.0791,                0.65276,                0.86289,                0.56871,                0.43749,                0.45752,                0.28233,                 1.1288,                0.79262,                0.87255,               0.007261,               0.007261,               0.007261
                     85,                 1.0786,                0.64764,                0.86268,                0.57102,                0.43621,                0.45779,                 0.2821,                 1.1295,                0.79181,                0.87271,               0.007228,               0.007228,               0.007228
                     86,                 1.0755,                0.64479,                0.86381,                 0.5749,                0.43673,                0.45835,                0.28341,                 1.1278,                0.79362,                0.87226,               0.007195,               0.007195,               0.007195
                     87,                 1.0732,                0.64392,                0.86362,                0.58087,                0.43575,                0.45841,                0.28349,                 1.1298,                0.79388,                0.87409,               0.007162,               0.007162,               0.007162
                     88,                 1.0699,                0.64161,                0.86236,                0.57113,                0.44105,                 0.4598,                0.28516,                 1.1315,                0.79311,                0.87458,               0.007129,               0.007129,               0.007129
                     89,                 1.0799,                0.64553,                0.86287,                0.56388,                0.44384,                0.45896,                0.28407,                 1.1322,                0.79713,                0.87433,               0.007096,               0.007096,               0.007096
                     90,                 1.0716,                0.63867,                0.86211,                0.56724,                0.44118,                0.45851,                0.28473,                 1.1305,                0.79776,                0.87323,               0.007063,               0.007063,               0.007063
                     91,                 1.0732,                0.63793,                0.86188,                0.57293,                0.43677,                0.45697,                0.28282,                 1.1317,                0.79949,                0.87377,                0.00703,                0.00703,                0.00703
                     92,                 1.0632,                0.63351,                0.86097,                0.56162,                0.44481,                0.45822,                0.28447,                 1.1278,                0.79543,                0.87311,               0.006997,               0.006997,               0.006997
                     93,                 1.0719,                0.63672,                0.86102,                0.55947,                0.44277,                0.45771,                0.28364,                 1.1286,                0.79396,                 0.8735,               0.006964,               0.006964,               0.006964
                     94,                 1.0647,                0.63162,                0.86072,                0.57269,                0.44025,                0.45696,                0.28304,                 1.1321,                0.79481,                0.87412,               0.006931,               0.006931,               0.006931
                     95,                  1.069,                0.63202,                0.86097,                0.56616,                0.44406,                0.45709,                0.28309,                 1.1333,                0.79666,                0.87484,               0.006898,               0.006898,               0.006898
                     96,                 1.0674,                 0.6321,                0.85969,                 0.5686,                0.44537,                0.45871,                0.28386,                 1.1303,                0.79723,                0.87444,               0.006865,               0.006865,               0.006865
                     97,                 1.0638,                0.62837,                0.85801,                0.57199,                0.43799,                 0.4576,                0.28501,                 1.1292,                0.79508,                0.87384,               0.006832,               0.006832,               0.006832
                     98,                 1.0599,                0.62388,                0.85898,                0.57352,                0.44135,                0.45884,                0.28591,                 1.1269,                0.79546,                0.87385,               0.006799,               0.006799,               0.006799
                     99,                   1.06,                0.62478,                0.85881,                0.57199,                0.44141,                0.45962,                0.28525,                 1.1235,                0.79291,                0.87301,               0.006766,               0.006766,               0.006766
                    100,                 1.0545,                0.62068,                0.85793,                 0.5688,                0.44482,                0.46032,                0.28553,                 1.1236,                 0.7923,                0.87322,               0.006733,               0.006733,               0.006733
                    101,                 1.0521,                0.62056,                0.85726,                0.57584,                0.44424,                0.46152,                0.28649,                 1.1252,                0.79373,                0.87398,                 0.0067,                 0.0067,                 0.0067
                    102,                 1.0538,                0.61952,                0.85739,                0.57945,                0.44144,                 0.4613,                0.28545,                 1.1258,                0.79539,                0.87366,               0.006667,               0.006667,               0.006667
                    103,                  1.051,                0.61787,                0.85676,                0.58469,                0.44011,                0.46215,                0.28632,                 1.1262,                0.79577,                 0.8736,               0.006634,               0.006634,               0.006634
                    104,                  1.053,                0.61711,                0.85862,                0.58119,                0.43795,                0.45975,                0.28555,                 1.1277,                0.79706,                0.87393,               0.006601,               0.006601,               0.006601
                    105,                 1.0498,                0.61401,                0.85624,                0.57246,                0.44068,                0.46008,                0.28517,                 1.1263,                0.79795,                0.87335,               0.006568,               0.006568,               0.006568
                    106,                  1.048,                0.61377,                0.85823,                0.57025,                0.44326,                0.45945,                0.28455,                 1.1258,                0.80003,                0.87383,               0.006535,               0.006535,               0.006535
                    107,                 1.0418,                0.60798,                0.85731,                0.57712,                0.44081,                0.45934,                0.28469,                 1.1263,                0.80157,                0.87398,               0.006502,               0.006502,               0.006502
                    108,                 1.0479,                0.61027,                0.85782,                0.57258,                0.44385,                 0.4588,                0.28493,                 1.1282,                0.80232,                0.87443,               0.006469,               0.006469,               0.006469
                    109,                 1.0435,                 0.6056,                 0.8568,                0.56865,                0.44274,                0.45887,                0.28499,                 1.1279,                0.80046,                0.87447,               0.006436,               0.006436,               0.006436
                    110,                 1.0443,                0.60714,                0.85466,                0.57715,                 0.4375,                0.45864,                0.28471,                 1.1275,                0.79979,                0.87442,               0.006403,               0.006403,               0.006403
                    111,                 1.0463,                0.60746,                0.85506,                0.56901,                0.44007,                 0.4585,                0.28465,                 1.1271,                0.79881,                0.87415,                0.00637,                0.00637,                0.00637
                    112,                 1.0389,                 0.6037,                0.85548,                0.57324,                0.43975,                0.45923,                0.28451,                 1.1273,                0.79751,                0.87436,               0.006337,               0.006337,               0.006337
                    113,                 1.0416,                0.60444,                0.85554,                0.58114,                0.43677,                0.45928,                0.28461,                 1.1262,                0.79706,                0.87434,               0.006304,               0.006304,               0.006304
                    114,                  1.033,                0.59927,                0.85337,                0.57501,                0.44148,                0.45878,                0.28467,                 1.1266,                 0.7956,                 0.8744,               0.006271,               0.006271,               0.006271
                    115,                 1.0366,                0.59635,                0.85439,                0.57828,                0.44108,                0.45928,                0.28471,                  1.126,                0.79588,                0.87435,               0.006238,               0.006238,               0.006238
                    116,                  1.034,                0.59729,                0.85529,                0.58609,                0.43684,                0.45853,                0.28464,                 1.1265,                0.79566,                0.87464,               0.006205,               0.006205,               0.006205
                    117,                  1.029,                 0.5928,                0.85271,                0.58602,                0.43739,                 0.4593,                0.28469,                 1.1259,                0.79636,                0.87439,               0.006172,               0.006172,               0.006172
                    118,                 1.0367,                0.59561,                  0.854,                0.58254,                0.43761,                0.45852,                0.28436,                 1.1257,                0.79746,                0.87434,               0.006139,               0.006139,               0.006139
                    119,                 1.0279,                0.59088,                0.85405,                0.57471,                0.44049,                0.45922,                0.28468,                 1.1267,                0.79824,                0.87458,               0.006106,               0.006106,               0.006106
                    120,                 1.0306,                0.59542,                0.85498,                0.57111,                0.44439,                0.45928,                0.28478,                 1.1273,                0.79813,                0.87446,               0.006073,               0.006073,               0.006073
                    121,                 1.0405,                0.59549,                0.85302,                0.57481,                0.44379,                0.45959,                0.28526,                 1.1276,                0.79934,                0.87459,                0.00604,                0.00604,                0.00604
                    122,                 1.0233,                0.58856,                 0.8518,                0.57664,                0.44317,                0.46074,                0.28611,                  1.127,                0.79776,                0.87442,               0.006007,               0.006007,               0.006007
                    123,                 1.0268,                0.58938,                0.85207,                0.58041,                0.44129,                 0.4613,                0.28657,                 1.1284,                0.79878,                0.87469,               0.005974,               0.005974,               0.005974
                    124,                  1.025,                0.58664,                0.85239,                 0.5941,                0.43528,                0.46103,                0.28633,                 1.1282,                0.79888,                0.87468,               0.005941,               0.005941,               0.005941
                    125,                 1.0272,                0.58779,                0.85185,                0.59196,                0.43648,                0.46165,                0.28673,                 1.1282,                0.79942,                0.87488,               0.005908,               0.005908,               0.005908
                    126,                  1.022,                0.58489,                0.85177,                0.59188,                0.43794,                0.46241,                0.28762,                 1.1287,                0.80021,                0.87502,               0.005875,               0.005875,               0.005875
                    127,                 1.0296,                0.58787,                0.85255,                 0.5915,                 0.4372,                0.46263,                0.28766,                 1.1297,                0.79981,                0.87527,               0.005842,               0.005842,               0.005842
                    128,                 1.0171,                0.57985,                0.85044,                  0.593,                0.43574,                0.46217,                0.28754,                 1.1301,                0.80048,                0.87553,               0.005809,               0.005809,               0.005809
                    129,                 1.0194,                0.58143,                0.85231,                0.59433,                 0.4356,                0.46165,                0.28727,                 1.1297,                0.80071,                0.87545,               0.005776,               0.005776,               0.005776
                    130,                 1.0173,                0.58114,                0.85039,                0.59771,                  0.434,                 0.4618,                0.28759,                 1.1294,                0.80089,                0.87541,               0.005743,               0.005743,               0.005743
                    131,                 1.0175,                0.58087,                0.84965,                0.58878,                0.43672,                0.46207,                0.28757,                  1.129,                0.80128,                0.87532,                0.00571,                0.00571,                0.00571
                    132,                 1.0185,                0.57906,                0.85072,                0.59068,                0.43446,                0.46205,                0.28763,                 1.1285,                 0.8015,                0.87522,               0.005677,               0.005677,               0.005677
                    133,                  1.014,                0.57731,                0.84983,                0.59432,                0.43495,                 0.4621,                0.28742,                  1.129,                0.80149,                0.87524,               0.005644,               0.005644,               0.005644
                    134,                 1.0081,                0.57435,                0.84844,                0.59523,                0.43293,                0.46123,                0.28705,                 1.1294,                0.80224,                0.87543,               0.005611,               0.005611,               0.005611
                    135,                  1.008,                0.57478,                0.84907,                0.59643,                0.43115,                0.46032,                0.28668,                 1.1293,                0.80231,                0.87534,               0.005578,               0.005578,               0.005578
                    136,                 1.0024,                0.57158,                0.84783,                0.59754,                0.42982,                0.46008,                0.28594,                 1.1295,                0.80255,                0.87529,               0.005545,               0.005545,               0.005545
                    137,                 1.0088,                0.57136,                0.84826,                 0.5879,                 0.4338,                0.45933,                0.28561,                 1.1293,                0.80252,                 0.8753,               0.005512,               0.005512,               0.005512
                    138,                  1.007,                0.56989,                0.84777,                0.59019,                0.43401,                0.45922,                0.28549,                 1.1291,                0.80288,                0.87526,               0.005479,               0.005479,               0.005479
                    139,                 1.0035,                0.56835,                0.84768,                0.59117,                 0.4325,                0.45889,                0.28509,                 1.1298,                0.80389,                0.87551,               0.005446,               0.005446,               0.005446
                    140,                 1.0051,                0.56969,                0.84776,                0.59027,                0.43227,                0.45895,                0.28517,                 1.1298,                0.80351,                0.87544,               0.005413,               0.005413,               0.005413
                    141,                 1.0041,                0.56718,                0.84709,                 0.5908,                 0.4332,                0.45911,                0.28504,                 1.1292,                0.80398,                 0.8753,                0.00538,                0.00538,                0.00538
                    142,                 1.0008,                0.56582,                0.84698,                0.58289,                0.43655,                0.45927,                0.28466,                 1.1295,                0.80435,                0.87531,               0.005347,               0.005347,               0.005347
                    143,                0.99937,                0.56526,                 0.8469,                0.58335,                0.43746,                0.45981,                0.28492,                 1.1296,                0.80404,                0.87535,               0.005314,               0.005314,               0.005314
                    144,                0.99587,                0.56109,                0.84726,                0.58609,                 0.4365,                0.45968,                0.28442,                 1.1295,                0.80388,                0.87521,               0.005281,               0.005281,               0.005281
                    145,                 1.0034,                0.56494,                 0.8476,                0.58054,                0.43817,                0.45913,                0.28429,                 1.1297,                0.80363,                0.87516,               0.005248,               0.005248,               0.005248
                    146,                0.99591,                0.56088,                0.84707,                0.57738,                0.43972,                0.45957,                0.28443,                 1.1302,                0.80444,                0.87526,               0.005215,               0.005215,               0.005215
                    147,                0.99808,                 0.5614,                0.84723,                0.58061,                0.43952,                0.45973,                0.28452,                 1.1304,                0.80475,                0.87529,               0.005182,               0.005182,               0.005182
                    148,                0.99274,                 0.5576,                0.84696,                0.57963,                0.43847,                0.45964,                0.28465,                 1.1304,                0.80477,                0.87523,               0.005149,               0.005149,               0.005149
                    149,                0.99326,                0.55587,                0.84556,                0.57636,                0.43949,                 0.4603,                0.28512,                 1.1309,                0.80512,                 0.8754,               0.005116,               0.005116,               0.005116
                    150,                0.98936,                0.55685,                0.84574,                0.57307,                0.44229,                0.46037,                0.28492,                  1.131,                0.80487,                0.87557,               0.005083,               0.005083,               0.005083
                    151,                0.98618,                0.55536,                0.84515,                0.57577,                0.44069,                0.46002,                0.28511,                 1.1315,                0.80536,                0.87559,                0.00505,                0.00505,                0.00505
                    152,                0.99202,                0.55367,                0.84441,                0.57524,                0.43951,                0.46022,                0.28538,                 1.1311,                0.80566,                0.87565,               0.005017,               0.005017,               0.005017
                    153,                0.98765,                0.55266,                0.84483,                 0.5764,                0.43963,                0.46052,                0.28538,                 1.1312,                 0.8059,                 0.8755,               0.004984,               0.004984,               0.004984
                    154,                0.98463,                0.55024,                0.84562,                 0.5778,                0.43787,                0.46036,                0.28546,                 1.1313,                0.80659,                0.87553,               0.004951,               0.004951,               0.004951
                    155,                0.99319,                 0.5541,                0.84612,                0.57745,                0.43844,                0.46018,                0.28513,                 1.1313,                0.80673,                 0.8755,               0.004918,               0.004918,               0.004918
                    156,                  0.983,                0.55049,                0.84486,                0.57632,                0.43784,                 0.4598,                0.28513,                 1.1317,                0.80659,                0.87559,               0.004885,               0.004885,               0.004885
                    157,                0.98414,                0.54974,                0.84426,                0.57485,                0.43931,                0.46003,                0.28529,                 1.1319,                0.80657,                0.87561,               0.004852,               0.004852,               0.004852
                    158,                 0.9842,                0.54993,                 0.8436,                0.57653,                 0.4379,                0.45939,                0.28506,                  1.132,                0.80631,                0.87561,               0.004819,               0.004819,               0.004819
                    159,                0.97792,                0.54836,                0.84348,                 0.5761,                0.43904,                0.45963,                0.28486,                 1.1322,                0.80631,                0.87567,               0.004786,               0.004786,               0.004786
                    160,                0.97563,                0.54498,                0.84324,                 0.5766,                0.43847,                0.45942,                0.28489,                 1.1322,                0.80702,                0.87573,               0.004753,               0.004753,               0.004753
                    161,                0.97654,                0.54495,                0.84306,                0.57462,                0.43929,                0.45955,                 0.2849,                 1.1324,                0.80753,                0.87578,                0.00472,                0.00472,                0.00472
                    162,                0.97113,                  0.542,                0.84258,                0.57753,                0.43761,                0.45903,                0.28472,                 1.1326,                0.80754,                0.87593,               0.004687,               0.004687,               0.004687
                    163,                0.97216,                0.54153,                0.84136,                0.57884,                0.43834,                0.45909,                0.28467,                 1.1329,                0.80762,                0.87601,               0.004654,               0.004654,               0.004654
                    164,                 0.9706,                 0.5425,                0.84276,                0.58053,                 0.4375,                0.45905,                0.28477,                 1.1332,                0.80785,                 0.8761,               0.004621,               0.004621,               0.004621
                    165,                0.96958,                0.53844,                0.84134,                0.57907,                0.43769,                0.45925,                0.28516,                 1.1334,                0.80807,                0.87611,               0.004588,               0.004588,               0.004588
                    166,                0.96703,                0.53767,                0.84277,                0.57758,                0.43898,                0.45937,                 0.2851,                 1.1335,                0.80837,                0.87611,               0.004555,               0.004555,               0.004555
                    167,                0.96947,                0.53769,                0.84329,                0.58302,                0.43699,                0.45935,                0.28514,                 1.1334,                0.80864,                0.87616,               0.004522,               0.004522,               0.004522
                    168,                0.96102,                0.53502,                0.84021,                0.57924,                 0.4388,                 0.4596,                0.28511,                 1.1332,                0.80907,                0.87618,               0.004489,               0.004489,               0.004489
                    169,                0.96374,                0.53336,                0.84052,                0.57971,                0.43861,                0.45979,                0.28492,                 1.1335,                0.80933,                0.87626,               0.004456,               0.004456,               0.004456
                    170,                0.96613,                0.53601,                0.84233,                0.58035,                0.43908,                 0.4597,                0.28502,                 1.1337,                0.80926,                0.87622,               0.004423,               0.004423,               0.004423
                    171,                0.95886,                0.53155,                0.84012,                0.57998,                0.43913,                0.46017,                0.28486,                 1.1338,                0.80948,                0.87628,                0.00439,                0.00439,                0.00439
                    172,                0.96056,                0.53137,                0.84022,                0.58039,                0.43912,                0.45987,                0.28492,                 1.1342,                0.80965,                0.87641,               0.004357,               0.004357,               0.004357
                    173,                0.96055,                0.53063,                0.84119,                0.58562,                0.43519,                0.45958,                0.28479,                 1.1342,                0.80984,                 0.8765,               0.004324,               0.004324,               0.004324
                    174,                0.96083,                0.53305,                 0.8381,                0.58204,                0.43708,                0.45994,                0.28487,                  1.134,                0.80932,                0.87645,               0.004291,               0.004291,               0.004291
                    175,                0.95799,                 0.5301,                0.84002,                0.57996,                0.43736,                0.45967,                0.28497,                 1.1342,                0.80963,                0.87654,               0.004258,               0.004258,               0.004258
                    176,                0.95915,                0.53086,                0.83975,                 0.5782,                0.43755,                0.45927,                0.28476,                 1.1344,                0.80992,                0.87665,               0.004225,               0.004225,               0.004225
                    177,                0.95575,                0.52927,                0.83986,                0.58037,                0.43673,                0.45915,                0.28472,                 1.1344,                0.80992,                0.87669,               0.004192,               0.004192,               0.004192
                    178,                0.95225,                0.52655,                0.83879,                0.57811,                0.43699,                0.45896,                0.28468,                 1.1346,                0.81033,                 0.8767,               0.004159,               0.004159,               0.004159
                    179,                0.95154,                0.52506,                0.83767,                0.57872,                0.43625,                0.45902,                0.28454,                 1.1347,                0.81035,                0.87671,               0.004126,               0.004126,               0.004126
                    180,                0.94772,                0.52258,                0.83784,                0.57917,                0.43627,                0.45895,                0.28457,                 1.1348,                0.81038,                0.87673,               0.004093,               0.004093,               0.004093
                    181,                0.94985,                0.52368,                0.83784,                0.57901,                0.43616,                0.45867,                0.28441,                  1.135,                0.81089,                0.87685,                0.00406,                0.00406,                0.00406
                    182,                0.95086,                0.52251,                0.83843,                0.57862,                0.43616,                0.45877,                0.28454,                  1.135,                0.81075,                0.87685,               0.004027,               0.004027,               0.004027
                    183,                0.94585,                0.52072,                0.83794,                0.57886,                0.43608,                0.45884,                0.28455,                 1.1353,                0.81104,                0.87686,               0.003994,               0.003994,               0.003994
                    184,                0.94622,                0.52091,                0.83762,                0.57954,                0.43531,                0.45887,                0.28466,                 1.1351,                0.81119,                0.87677,               0.003961,               0.003961,               0.003961
                    185,                0.94619,                 0.5195,                0.83682,                0.58084,                 0.4347,                0.45871,                0.28457,                 1.1355,                0.81163,                0.87676,               0.003928,               0.003928,               0.003928
                    186,                0.94208,                0.51775,                0.83727,                 0.5802,                0.43545,                0.45889,                0.28456,                 1.1356,                0.81183,                0.87679,               0.003895,               0.003895,               0.003895
                    187,                0.94264,                 0.5172,                0.83658,                0.57787,                0.43673,                0.45903,                0.28476,                 1.1352,                0.81164,                0.87672,               0.003862,               0.003862,               0.003862
                    188,                0.94464,                0.51938,                0.83772,                0.57942,                0.43553,                0.45899,                0.28465,                 1.1355,                0.81205,                 0.8769,               0.003829,               0.003829,               0.003829
                    189,                0.93608,                0.51385,                0.83704,                0.57828,                0.43709,                0.45907,                0.28454,                 1.1359,                0.81263,                0.87696,               0.003796,               0.003796,               0.003796
                    190,                 0.9389,                0.51608,                 0.8371,                0.58244,                 0.4342,                0.45891,                0.28447,                 1.1361,                0.81303,                0.87701,               0.003763,               0.003763,               0.003763
                    191,                0.93694,                0.51401,                0.83708,                0.58238,                 0.4342,                0.45876,                0.28431,                  1.136,                0.81341,                0.87698,                0.00373,                0.00373,                0.00373
                    192,                0.93394,                0.51269,                0.83643,                0.57919,                0.43563,                0.45867,                0.28432,                 1.1359,                0.81391,                0.87695,               0.003697,               0.003697,               0.003697
                    193,                0.92913,                0.50895,                0.83605,                0.57868,                0.43537,                0.45867,                0.28421,                 1.1363,                0.81412,                0.87704,               0.003664,               0.003664,               0.003664
                    194,                0.93846,                0.51473,                0.83559,                0.57918,                0.43536,                 0.4587,                0.28415,                 1.1362,                0.81435,                0.87698,               0.003631,               0.003631,               0.003631
                    195,                0.93098,                0.50932,                 0.8355,                0.57669,                0.43615,                0.45844,                0.28402,                 1.1366,                0.81463,                 0.8771,               0.003598,               0.003598,               0.003598
                    196,                0.93202,                0.51029,                0.83467,                0.57882,                0.43493,                0.45852,                  0.284,                 1.1365,                0.81503,                0.87706,               0.003565,               0.003565,               0.003565
                    197,                0.92815,                0.50701,                0.83497,                0.57873,                0.43485,                0.45807,                0.28381,                 1.1366,                0.81509,                 0.8771,               0.003532,               0.003532,               0.003532
                    198,                0.93172,                0.50767,                 0.8344,                 0.5819,                0.43401,                0.45845,                0.28378,                  1.137,                0.81558,                0.87716,               0.003499,               0.003499,               0.003499
                    199,                0.92294,                0.50337,                0.83415,                0.57955,                0.43518,                0.45847,                0.28383,                  1.137,                0.81571,                0.87718,               0.003466,               0.003466,               0.003466
                    200,                0.92576,                0.50672,                0.83461,                0.57886,                0.43593,                0.45862,                0.28382,                 1.1372,                0.81576,                0.87725,               0.003433,               0.003433,               0.003433
                    201,                0.92736,                0.50774,                0.83446,                0.57926,                0.43699,                0.45859,                0.28385,                 1.1376,                0.81604,                0.87727,                 0.0034,                 0.0034,                 0.0034
                    202,                0.92401,                0.50542,                0.83287,                0.58029,                0.43491,                0.45866,                0.28384,                 1.1375,                0.81615,                0.87724,               0.003367,               0.003367,               0.003367
                    203,                0.91585,                0.50029,                 0.8336,                0.57866,                0.43637,                0.45862,                0.28382,                 1.1378,                0.81659,                0.87729,               0.003334,               0.003334,               0.003334
                    204,                0.91855,                0.50186,                0.83279,                0.58773,                0.43074,                0.45825,                0.28404,                 1.1379,                0.81628,                0.87728,               0.003301,               0.003301,               0.003301
                    205,                0.92225,                0.50285,                0.83303,                0.58733,                0.43033,                0.45809,                0.28373,                  1.138,                0.81668,                0.87725,               0.003268,               0.003268,               0.003268
                    206,                0.91451,                0.49874,                0.83397,                 0.5852,                0.43137,                0.45787,                0.28377,                 1.1381,                0.81712,                0.87726,               0.003235,               0.003235,               0.003235
                    207,                0.91952,                0.50109,                0.83189,                0.58603,                0.43114,                 0.4578,                0.28354,                  1.138,                0.81712,                0.87722,               0.003202,               0.003202,               0.003202
                    208,                0.91051,                0.49391,                0.83186,                0.58826,                0.43104,                0.45791,                0.28356,                 1.1383,                0.81742,                0.87732,               0.003169,               0.003169,               0.003169
                    209,                0.91197,                 0.4963,                0.83218,                0.58975,                0.43062,                0.45788,                0.28342,                 1.1387,                  0.818,                0.87736,               0.003136,               0.003136,               0.003136
                    210,                0.91073,                0.49378,                0.83197,                0.59164,                0.42962,                0.45786,                0.28321,                 1.1387,                0.81812,                0.87735,               0.003103,               0.003103,               0.003103
                    211,                0.91035,                 0.4945,                0.83125,                0.58809,                0.43107,                0.45787,                0.28326,                 1.1389,                0.81803,                0.87742,                0.00307,                0.00307,                0.00307
                    212,                0.91224,                0.49603,                 0.8322,                0.59082,                0.43009,                0.45763,                 0.2832,                 1.1391,                0.81869,                0.87747,               0.003037,               0.003037,               0.003037
                    213,                0.91123,                0.49563,                0.83245,                 0.5919,                0.42901,                0.45756,                0.28311,                 1.1386,                0.81885,                0.87742,               0.003004,               0.003004,               0.003004
                    214,                0.90671,                  0.493,                 0.8306,                0.59144,                0.42918,                0.45756,                0.28317,                  1.139,                0.81896,                0.87748,               0.002971,               0.002971,               0.002971
                    215,                 0.9082,                0.49299,                0.83072,                0.58911,                0.42969,                0.45753,                0.28326,                 1.1391,                0.81913,                 0.8775,               0.002938,               0.002938,               0.002938
                    216,                0.90249,                0.49095,                0.83085,                0.59043,                0.42917,                0.45743,                0.28303,                 1.1389,                0.81922,                0.87751,               0.002905,               0.002905,               0.002905
                    217,                0.90173,                0.48972,                0.83005,                0.59238,                0.42799,                0.45712,                0.28278,                 1.1391,                0.81937,                0.87751,               0.002872,               0.002872,               0.002872
                    218,                0.90563,                0.49196,                0.83052,                0.59285,                0.42804,                0.45717,                0.28275,                 1.1394,                0.81976,                0.87754,               0.002839,               0.002839,               0.002839
                    219,                 0.8997,                 0.4876,                0.83025,                 0.5924,                0.42778,                0.45723,                0.28265,                 1.1398,                0.82018,                 0.8777,               0.002806,               0.002806,               0.002806
                    220,                0.90741,                0.49133,                0.83083,                0.58861,                0.43009,                0.45722,                 0.2826,                 1.1396,                 0.8203,                0.87759,               0.002773,               0.002773,               0.002773
                    221,                0.90379,                0.48938,                0.83074,                0.58916,                0.42925,                0.45735,                0.28273,                 1.1396,                0.82048,                0.87762,                0.00274,                0.00274,                0.00274
                    222,                0.89789,                0.48633,                0.82967,                0.58802,                0.42952,                0.45734,                0.28264,                 1.1403,                0.82076,                0.87769,               0.002707,               0.002707,               0.002707
                    223,                0.89897,                0.48613,                0.82944,                0.58908,                0.42844,                0.45728,                0.28242,                 1.1404,                0.82102,                0.87772,               0.002674,               0.002674,               0.002674
                    224,                0.89554,                0.48383,                0.82907,                0.58917,                0.42839,                0.45726,                0.28237,                 1.1405,                0.82134,                0.87775,               0.002641,               0.002641,               0.002641
                    225,                0.89514,                0.48536,                0.82903,                0.58884,                 0.4284,                0.45729,                0.28226,                 1.1407,                0.82148,                0.87786,               0.002608,               0.002608,               0.002608
                    226,                0.88827,                0.48088,                0.82726,                0.58783,                 0.4287,                0.45712,                0.28243,                 1.1408,                0.82192,                0.87784,               0.002575,               0.002575,               0.002575
                    227,                0.89337,                0.48171,                0.82785,                0.58673,                0.42896,                0.45677,                 0.2821,                  1.141,                0.82224,                0.87786,               0.002542,               0.002542,               0.002542
